trans_date_trans_time,cc_num,merchant,category,amt,first,last,gender,street,city,state,zip,lat,long,city_pop,job,dob,trans_num,unix_time,merch_lat,merch_long,is_fraud
2020-06-21 12:14:25,2291163933867244,fraud_Kirlin and Sons,personal_care,2.86,Jeff,Elliott,M,351 Darlene Green,Columbia,SC,29209,33.9659,-80.9355,333497,Mechanical engineer,1968-03-19,2da90c7d74bd46a0caf3777415b3ebd3,1371816865,33.986391,-81.200714,0
2020-06-21 12:14:33,3573030041201292,fraud_Sporer-Keebler,personal_care,29.84,Joanne,Williams,F,3638 Marsh Union,Altonah,UT,84002,40.3207,-110.436,302,"Sales professional, IT",1990-01-17,324cc204407e99f51b0d6ca0055005e7,1371816873,39.450498,-109.960431,0
2020-06-21 12:14:53,3598215285024754,"fraud_Swaniawski, Nitzsche and Welch",health_fitness,41.28,Ashley,Lopez,F,9333 Valentine Point,Bellmore,NY,11710,40.6729,-73.5365,34496,"Librarian, public",1970-10-21,c81755dbbbea9d5c77f094348a7579be,1371816893,40.49581,-74.196111,0
2020-06-21 12:15:15,3591919803438423,fraud_Haley Group,misc_pos,60.05,Brian,Williams,M,32941 Krystal Mill Apt. 552,Titusville,FL,32780,28.5697,-80.8191,54767,Set designer,1987-07-25,2159175b9efe66dc301f149d3d5abf8c,1371816915,28.812398,-80.883061,0
2020-06-21 12:15:17,3526826139003047,fraud_Johnston-Casper,travel,3.19,Nathan,Massey,M,5783 Evan Roads Apt. 465,Falmouth,MI,49632,44.2529,-85.01700000000001,1126,Furniture designer,1955-07-06,57ff021bd3f328f8738bb535c302a31b,1371816917,44.959148,-85.884734,0
2020-06-21 12:15:37,30407675418785,fraud_Daugherty LLC,kids_pets,19.55,Danielle,Evans,F,76752 David Lodge Apt. 064,Breesport,NY,14816,42.1939,-76.7361,520,Psychotherapist,1991-10-13,798db04aaceb4febd084f1a7c404da93,1371816937,41.747157,-77.584197,0
2020-06-21 12:15:44,213180742685905,fraud_Romaguera Ltd,health_fitness,133.93,Kayla,Sutton,F,010 Weaver Land,Carlotta,CA,95528,40.507,-123.9743,1139,"Therapist, occupational",1951-01-15,17003d7ce534440eadb10c4750e020e5,1371816944,41.499458,-124.888729,0
2020-06-21 12:15:50,3589289942931264,fraud_Reichel LLC,personal_care,10.37,Paula,Estrada,F,350 Stacy Glens,Spencer,SD,57374,43.7557,-97.5936,343,"Development worker, international aid",1972-03-05,8be473af4f05fc6146ea55ace73e7ca2,1371816950,44.495498,-97.728453,1
2020-06-21 12:16:10,3596357274378601,"fraud_Goyette, Howell and Collier",shopping_pos,4.37,David,Everett,M,4138 David Fall,Morrisdale,PA,16858,41.0001,-78.2357,3688,Advice worker,1973-05-27,71a1da150d1ce510193d7622e08e784e,1371816970,41.546067,-78.120238,0
2020-06-21 12:16:11,3546897637165774,fraud_Kilback Group,food_dining,66.54,Kayla,Obrien,F,7921 Robert Port Suite 343,Prairie Hill,TX,76678,31.6591,-96.8094,263,Barrister,1956-05-30,a7915132c7c4240996ba03a47f81e3bd,1371816971,31.782919,-96.366185,0
2020-06-21 12:16:20,2242542703101233,"fraud_Feil, Hilpert and Koss",food_dining,7.01,Samuel,Jenkins,M,43235 Mckenzie Views Apt. 837,Westport,KY,40077,38.4921,-85.4524,564,Pensions consultant,1996-04-10,3b8e4d02d9e1a3bf97cf449eb0317f2c,1371816980,38.977546,-84.727994,1
2020-06-21 12:16:47,571465035400,fraud_Gottlieb Group,kids_pets,42.4,Louis,Fisher,M,45654 Hess Rest,Fort Washakie,WY,82514,43.0048,-108.8964,1645,Freight forwarder,1976-02-26,fa3071565d94fb286cb0ed398c6d61d3,1371817007,42.687774,-108.670054,0
2020-06-21 12:17:21,6593250708747804,fraud_Connelly-Carter,home,2.91,Melissa,Meza,F,244 Abbott Parkway,Loxahatchee,FL,33470,26.7383,-80.27600000000001,26551,Paramedic,1977-01-04,a21cb82e7d8fdbf4062f15c9422a4ca6,1371817041,26.07846,-80.569932,0
2020-06-21 12:18:27,4988304376504,fraud_Bechtelar-Rippin,food_dining,7.93,William,Thompson,M,977 Rita Grove Apt. 000,Rock Tavern,NY,12575,41.4575,-74.1659,2258,Building surveyor,1937-03-17,d0d2b5cca5ae19e0a07dc7ef5d51e59e,1371817107,40.71168,-73.668384,0
2020-06-21 12:18:37,6011504998544485,fraud_Lubowitz-Walter,kids_pets,2.91,Ashley,Whitney,F,4038 Smith Avenue,Jones,AL,36749,32.5104,-86.8138,1089,Materials engineer,1971-11-02,61dca41a9728ea5fd6db99efd59768f8,1371817117,32.721131,-87.253846,0
2020-06-21 12:18:41,4570636521433188,"fraud_Welch, Rath and Koepp",entertainment,24.73,Christine,Leblanc,F,5097 Jodi Vista Suite 811,Deltona,FL,32725,28.8989,-81.2473,88735,Commercial horticulturist,1988-04-09,ea11379e8aa1b08d584149d65770faee,1371817121,29.83155,-80.926829,1
2020-06-21 12:18:54,4906628655840914250,fraud_Hickle Group,shopping_pos,2.33,Charles,Moreno,M,838 Franklin Prairie Apt. 902,Key West,FL,33040,24.6557,-81.3824,32891,Town planner,1987-02-13,00da72495351ce6bd9ecb75d51cca89b,1371817134,24.306325,-81.065169,0
2020-06-21 12:19:50,4908846471916297,"fraud_Lang, Towne and Schuppe",kids_pets,16.6,Lauren,Torres,F,03030 White Lakes,Grandview,TX,76050,32.2779,-97.2351,5875,"Radiographer, therapeutic",1992-07-24,67288141e8206f6f49706c1cef5b75d3,1371817190,33.182349,-97.919284,0
2020-06-21 12:19:56,4861310130652566408,fraud_Morissette LLC,entertainment,80.11,Ashley,Cruz,F,65417 Walsh Radial Suite 691,Saint Amant,LA,70774,30.2385,-90.8435,10076,"Surveyor, rural practice",1977-12-16,71bb6ee81f9af4d2a38bf6af2b614708,1371817196,30.449990000000003,-89.930996,0
2020-06-21 12:20:13,6538441737335434,fraud_Prosacco LLC,personal_care,5.71,Gina,Grimes,F,444 Robert Mews,Clarks Mills,PA,16114,41.3851,-80.1752,606,Energy manager,1997-09-22,2d7640ea4f3bcd520a3c33200c393dd8,1371817213,40.508064000000005,-79.615158,0
2020-06-21 12:20:34,2283743876903625,fraud_Corwin-Romaguera,travel,8.53,Shannon,Williams,F,9345 Spencer Junctions Suite 183,Alpharetta,GA,30009,34.077,-84.3033,165556,Prison officer,1997-12-27,1650f4f052cc85af7bd417fa17d59ac5,1371817234,33.195225,-84.11908299999999,0
2020-06-21 12:20:42,4560004149983868183,fraud_Gottlieb Group,kids_pets,37.95,Stacy,Villegas,F,20581 Pena Walks,Colorado Springs,CO,80951,38.8881,-104.6556,525713,Museum/gallery exhibitions officer,1992-05-09,b14cd1ccf78a409c664bf071872a4384,1371817242,39.844711,-103.975632,0
2020-06-21 12:20:57,4562827002127,fraud_Tillman LLC,travel,1.74,Christopher,Johnson,M,28711 Kristine Junction Suite 309,Greenville,OH,45331,40.0987,-84.6342,22930,Media planner,1971-11-26,d8edb8556aad03a15e2d5702948a47fb,1371817257,40.117116,-84.175021,0
2020-06-21 12:21:46,213153151785052,fraud_Veum-Koelpin,travel,6.02,Rebecca,Conley,F,181 Moreno Light Apt. 215,Tomahawk,WI,54487,45.4963,-89.7273,9594,Seismic interpreter,1997-11-23,79f931ffc97dfe9966cd7d09613fe308,1371817306,45.47444,-89.539774,0
2020-06-21 12:21:47,372509258176510,"fraud_Watsica, Haag and Considine",shopping_pos,9.87,Kristen,Hanson,F,26544 Andrea Glen,Goodrich,MI,48438,42.9147,-83.4845,6951,Learning disability nurse,1985-06-18,df862b772cfb9ca0d621c259df11a652,1371817307,43.702833,-83.750248,0
2020-06-21 12:23:08,6011148190095209,fraud_Leannon-Ward,food_dining,47.06,Terri,Bailey,F,508 Erin Mount,Daly City,CA,94015,37.6787,-122.478,107941,"Buyer, industrial",1991-10-04,3dfec697170c9155ba76464e03179724,1371817388,38.048242,-123.12568,0
2020-06-21 12:23:09,6011917798331152,"fraud_Hintz, Bauch and Smith",health_fitness,1.7,William,Johnson,M,50843 Vincent Mission,South Londonderry,VT,5155,43.1699,-72.8515,828,Scientific laboratory technician,1957-08-30,6c58a441ceeb7dc623316c6a68158d29,1371817389,42.390565,-71.932418,0
2020-06-21 12:23:53,3577663406369449,fraud_Labadie LLC,personal_care,2.17,Cody,Hooper,M,7233 John Parks,Lepanto,AR,72354,35.6069,-90.3359,2470,Counselling psychologist,1968-10-06,340ad023c64e8b7d2164ca3e53620186,1371817433,36.581541,-89.68051700000001,0
2020-06-21 12:24:11,3502377050801561,"fraud_Eichmann, Hayes and Treutel",travel,6.21,Kathleen,Martin,F,659 Nicole Cove Suite 560,New Waverly,TX,77358,30.5354,-95.4532,4993,"Scientist, biomedical",1948-11-30,9662b7fede7772f80331fd0abbc7909d,1371817451,31.432355,-95.537859,0
2020-06-21 12:24:16,180040027502291,fraud_Leffler-Goldner,personal_care,24.44,Mary,Schmidt,F,022 Moore Island,New York City,NY,10162,40.7699,-73.9511,1577385,Audiological scientist,1957-12-29,efbea5fb8c846843c13f224379ba249e,1371817456,40.951475,-74.065226,0
2020-06-21 12:25:09,379897244598068,fraud_Kautzer and Sons,personal_care,176.23,Frank,Key,M,5537 Jessica Plaza,Pewee Valley,KY,40056,38.3039,-85.4834,3263,Stage manager,1930-02-28,3f5587dd43e45910ba221bc3a4dfdd3f,1371817509,38.585316,-86.10818499999999,0
2020-06-21 12:26:10,180048185037117,fraud_Ernser-Feest,home,134.39,Mary,Wall,F,2481 Mills Lock,Plainfield,NJ,7060,40.6152,-74.415,71485,Leisure centre manager,1974-07-19,bc7699cb759a26aa5dd58d4124febf8d,1371817570,40.196876,-74.407686,0
2020-06-21 12:26:13,4302475216404898,"fraud_Zemlak, Tillman and Cremin",personal_care,19.03,Daniel,Cain,M,384 Newman Forks Apt. 370,Belmond,IA,50421,42.8511,-93.62,3032,Community pharmacist,1964-08-08,cd10a7d08e9262899109c06a8e180302,1371817573,42.322809,-94.363655,0
2020-06-21 12:26:23,180036456789979,fraud_Nienow PLC,entertainment,210.36,Mackenzie,Salazar,F,982 Melissa Lock,Bagley,WI,53801,42.9207,-91.0685,878,Risk analyst,1974-11-20,902facfd912019350d63a3539990638e,1371817583,42.736666,-90.09971,0
2020-06-21 12:26:25,180065479077096,fraud_Lynch-Wisozk,home,52.81,Krystal,Gamble,F,47152 Clayton Burg,Manchester,MD,21102,39.6747,-76.8941,11751,Clinical research associate,1964-02-15,0ad27a9cf7fcb1e0774a86709cb248f1,1371817585,39.289186,-77.113659,0
2020-06-21 12:26:26,6517217825320610,"fraud_Feil, Hilpert and Koss",food_dining,82.32,James,Reese,M,26975 Richardson Mills Apt. 402,Sontag,MS,39665,31.6453,-90.1801,1196,"Librarian, academic",1958-06-11,5a13c85ba5d478ee2bed550c6ab71c1e,1371817586,31.422908000000003,-90.012124,0
2020-06-21 12:27:08,4683520018489354,fraud_Schiller Ltd,personal_care,26.31,Charles,Carrillo,M,17547 Stephen Turnpike Apt. 846,Hawthorne,CA,90250,33.9143,-118.3493,93193,"Editor, magazine features",1995-04-19,e91e10ae4ad160e1aee1054ea96de9ba,1371817628,33.949418,-117.610248,0
2020-06-21 12:27:22,501899453424,fraud_Hoppe-Parisian,kids_pets,134.6,Jessica,Dominguez,F,06393 Nancy Parkways Suite 855,Gadsden,AL,35903,33.9845,-85.9077,67082,Ceramics designer,1970-01-08,cc3733b9ecedc1a7b0053bd0647cdaaa,1371817642,34.727266,-86.883794,0
2020-06-21 12:27:40,6011348830550197,fraud_Hoppe-Parisian,kids_pets,36.72,Samuel,Johnston,M,16285 Jessica Lights,Birmingham,AL,35229,33.4629,-86.7904,493806,Musician,1980-07-12,60a92b482a0058d2769c1ab10c55cb25,1371817660,32.761156,-85.903113,0
2020-06-21 12:27:54,213195754007681,fraud_Brown-Greenholt,entertainment,105.78,Zachary,Allen,M,69252 Oconnor Alley Apt. 153,Ollie,IA,52576,41.2001,-92.1354,568,Commercial horticulturist,1969-07-24,fc72537e1af1f675c8713aa1a36f3c53,1371817674,41.214609,-92.226244,0
2020-06-21 12:28:06,2712209726293386,fraud_Reilly LLC,home,39.95,Jenna,Brooks,F,50872 Alex Plain Suite 088,Baton Rouge,LA,70808,30.4066,-91.1468,378909,"Designer, furniture",1977-02-22,fb32dada5c853d60e84278eaae707ee2,1371817686,30.382414,-90.923894,0
2020-06-21 12:28:23,503874407318,"fraud_Moore, Williamson and Emmerich",home,47.81,Andrew,Mcgee,M,4130 Tiffany Glen Apt. 562,San Antonio,TX,78248,29.5894,-98.5201,1595797,Exhibition designer,1975-12-28,4ffb7174155b877c4d18d1d86e71e813,1371817703,30.50995,-99.374201,0
2020-06-21 12:28:39,676369110710,fraud_Rau-Robel,kids_pets,18.96,David,Wolfe,M,81261 Garcia Underpass Suite 741,Southfield,MI,48034,42.4969,-83.2911,75830,"Engineer, automotive",1974-12-28,14dd61cec0b9be2d29aff70f605964ab,1371817719,42.186473,-84.041557,0
2020-06-21 12:29:25,4783226709001,"fraud_Fadel, Mertz and Rippin",entertainment,46.67,Jessica,Garcia,F,13108 Jennifer Passage,Mc Cracken,KS,67556,38.5957,-99.554,320,Film/video editor,1961-04-22,822cd909aeb6a351637b5f9ba9866f19,1371817765,39.456658,-99.569786,0
2020-06-21 12:29:27,375848982312810,fraud_Crona and Sons,kids_pets,30.59,Dale,Smith,M,25036 Contreras Turnpike Suite 270,Purmela,TX,76566,31.4841,-97.9903,258,Web designer,1943-12-15,5f947d9974aca9e08265898e26db1583,1371817767,32.053228000000004,-97.160999,0
2020-06-21 12:29:30,30270432095985,"fraud_Bahringer, Bergnaum and Quitzon",home,3.94,Lisa,Lin,F,908 Brooks Brook,Lomax,IL,61454,40.6761,-91.0391,725,Environmental consultant,1972-11-28,4326b0d0ee56d328d40269e79a68ea30,1371817770,40.922923,-91.977219,0
2020-06-21 12:29:33,6011149206456997,"fraud_Koss, Hansen and Lueilwitz",home,84.11,Jeffrey,White,M,8617 Holmes Terrace Suite 651,Tuscarora,MD,21790,39.2667,-77.5101,100,"Production assistant, television",1979-12-11,ce73a1c97d13e160112f3142781300ac,1371817773,39.535382,-77.064747,0
2020-06-21 12:29:36,4110266553600176127,"fraud_Yost, Schamberger and Windler",kids_pets,31.19,Sandra,Schwartz,F,3789 Mark Walks,Sunflower,MS,38778,33.5567,-90.5451,1686,"Education officer, community",1986-11-06,e7b73a4e22392a7800afdca8c230878f,1371817776,33.693106,-89.59474399999999,0
2020-06-21 12:29:46,675990301623,"fraud_Armstrong, Walter and Gottlieb",food_dining,4.91,Amanda,Spencer,F,6682 Green Forks,Ogdensburg,NJ,7439,41.0767,-74.5982,2456,Senior tax professional/tax inspector,1994-03-13,def4f0ac7d3e4f02f33462a25632ef6c,1371817786,41.061214,-73.99798100000001,0
2020-06-21 12:29:56,377026671291680,fraud_Friesen Ltd,health_fitness,5.36,Jackie,Davis,F,1898 Parker Fork Apt. 057,Redford,MO,63665,37.3272,-91.0243,241,Investment analyst,1974-10-27,0920f8e36028f404b48385209a995113,1371817796,38.211238,-90.421871,0
2020-06-21 12:30:19,6011934240159560,fraud_Champlin and Sons,home,80.5,Joshua,Cohen,M,426 Mark Ports,Brooklin,ME,4616,44.2541,-68.5565,824,"Loss adjuster, chartered",1974-11-02,c64caafcb8aaa4608fdba9f1ab53cbcc,1371817819,44.95902,-69.150254,0
2020-06-21 12:30:19,3519607465576254,fraud_Bins-Tillman,entertainment,49.57,Audrey,Gonzalez,F,34180 Lopez Plaza,Fields Landing,CA,95537,40.7268,-124.2174,276,"Scientist, audiological",1929-05-06,12ef39ddb0af3a6bea386509d9929a41,1371817819,40.535495,-123.900519,0
2020-06-21 12:14:25,2291163933867244,fraud_Kirlin and Sons,personal_care,2.86,Jeff,Elliott,M,351 Darlene Green,Columbia,SC,29209,33.9659,-80.9355,333497,Mechanical engineer,1968-03-19,2da90c7d74bd46a0caf3777415b3ebd3,2013-06-21 12:14:25,33.986391,-81.200714,0
2020-06-21 12:14:25,2291163933867244,fraud_Kirlin and Sons,personal_care,2.86,Jeff,Elliott,M,351 Darlene Green,Columbia,SC,29209,33.9659,-80.9355,333497,Mechanical engineer,1968-03-19,2da90c7d74bd46a0caf3777415b3ebd3,2013-06-21 12:14:25,33.986391,-81.200714,0
2020-06-21 12:14:25,2291163933867244,fraud_Kirlin and Sons,personal_care,2.86,Jeff,Elliott,M,351 Darlene Green,Columbia,SC,29209,33.9659,-80.9355,333497,Mechanical engineer,1968-03-19,2da90c7d74bd46a0caf3777415b3ebd3,2013-06-21 12:14:25,33.986391,-81.200714,0
2020-06-21 12:14:25,2291163933867244,fraud_Kirlin and Sons,personal_care,2.86,Jeff,Elliott,M,351 Darlene Green,Columbia,SC,29209,33.9659,-80.9355,333497,Mechanical engineer,1968-03-19,2da90c7d74bd46a0caf3777415b3ebd3,2013-06-21 12:14:25,33.986391,-81.200714,0
2020-06-21 12:14:25,2291163933867244,fraud_Kirlin and Sons,personal_care,2.86,Jeff,Elliott,M,351 Darlene Green,Columbia,SC,29209,33.9659,-80.9355,333497,Mechanical engineer,1968-03-19,2da90c7d74bd46a0caf3777415b3ebd3,2013-06-21 12:14:25,33.986391,-81.200714,0
2020-06-21 12:14:25,2291163933867244,fraud_Kirlin and Sons,personal_care,2.86,Jeff,Elliott,M,351 Darlene Green,Columbia,SC,29209,33.9659,-80.9355,333497,Mechanical engineer,1968-03-19,2da90c7d74bd46a0caf3777415b3ebd3,2013-06-21 12:14:25,33.986391,-81.200714,0
2020-06-21 12:14:25,2291163933867244,fraud_Kirlin and Sons,personal_care,2.86,Jeff,Elliott,M,351 Darlene Green,Columbia,SC,29209,33.9659,-80.9355,333497,Mechanical engineer,1968-03-19,2da90c7d74bd46a0caf3777415b3ebd3,2013-06-21 12:14:25,33.986391,-81.200714,0
2020-06-21 12:14:25,2291163933867244,fraud_Kirlin and Sons,personal_care,2.86,Jeff,Elliott,M,351 Darlene Green,Columbia,SC,29209,33.9659,-80.9355,333497,Mechanical engineer,1968-03-19,2da90c7d74bd46a0caf3777415b3ebd3,2013-06-21 12:14:25,33.986391,-81.200714,0
2020-06-21 12:14:25,2291163933867244,fraud_Kirlin and Sons,personal_care,2.86,Jeff,Elliott,M,351 Darlene Green,Columbia,SC,29209,33.9659,-80.9355,333497,Mechanical engineer,1968-03-19,2da90c7d74bd46a0caf3777415b3ebd3,2013-06-21 12:14:25,33.986391,-81.200714,0
2020-06-21 12:14:25,2291163933867244,fraud_Kirlin and Sons,personal_care,2.86,Jeff,Elliott,M,351 Darlene Green,Columbia,SC,29209,33.9659,-80.9355,333497,Mechanical engineer,1968-03-19,2da90c7d74bd46a0caf3777415b3ebd3,2013-06-21 12:14:25,33.986391,-81.200714,0
2020-06-21 12:14:25,2291163933867244,fraud_Kirlin and Sons,personal_care,2.86,Jeff,Elliott,M,351 Darlene Green,Columbia,SC,29209,33.9659,-80.9355,333497,Mechanical engineer,1968-03-19,2da90c7d74bd46a0caf3777415b3ebd3,2013-06-21 12:14:25,33.986391,-81.200714,0
2020-06-21 12:14:25,2291163933867244,fraud_Kirlin and Sons,personal_care,2.86,Jeff,Elliott,M,351 Darlene Green,Columbia,SC,29209,33.9659,-80.9355,333497,Mechanical engineer,1968-03-19,2da90c7d74bd46a0caf3777415b3ebd3,2013-06-21 12:14:25,33.986391,-81.200714,0
